{"schemaVersion":2,"manifests":[{"mediaType":"application/vnd.oci.image.manifest.v1+json","digest":"sha256:68d77e16ee97c5741edd6185c25e469a4cd5f52e32cdc8f20eddce5e8238093a","size":475,"annotations":{"org.opencontainers.image.ref.name":"v1"}},{"mediaType":"application/vnd.oci.image.manifest.v1+json","digest":"sha256:ca756656ba4a5932dedaae017935ff5d3b1cd88077d05944796a2358c57566b5","size":666},{"mediaType":"application/vnd.oci.image.manifest.v1+json","digest":"sha256:c50b44f8bb1417745f0b01db0810b914124d2cb4de25ebe0b6a33f202b4beb18","size":678},{"mediaType":"application/vnd.oci.image.manifest.v1+json","digest":"sha256:334b63dccfc407ddebe445a00391cea0272c43e4a88feb1c9e9225f04e9ee20c","size":665}]}