{"schemaVersion":2,"manifests":[{"mediaType":"application/vnd.oci.image.manifest.v1+json","digest":"sha256:68d77e16ee97c5741edd6185c25e469a4cd5f52e32cdc8f20eddce5e8238093a","size":475},{"mediaType":"application/vnd.oci.image.manifest.v1+json","digest":"sha256:2c79045f1b254bec812b0d2811f7308c172a2a5c50f43f2e22e27665802297cd","size":473},{"mediaType":"application/vnd.oci.image.index.v1+json","digest":"sha256:62358cbe86237abd117fd60de0dc774f08ebd7e394937398f0dc11b033eef074","size":393,"annotations":{"org.opencontainers.image.ref.name":"v1"}}]}